Name,Asset ID,Collection Name,Seller,Schema Name
SpiderDolp,1099597285655,dolpchainwax,n3ar.wam,events
Dulk,1099600692578,dolpchainwax,tzgru.wam,events
Dulk,1099596675169,dolpchainwax,d4vig.wam,events
Easter Dolp,1099520858219,dolpchainwax,padmapalchen,events
Dulk,1099597863192,dolpchainwax,cu2xu.wam,events
Dolp farmer,1099521183790,dolpchainwax,pw4r4.wam,events
Grey Dolp,1099675776829,dolpchainwax,d4zra.wam,events
SpiderDolp,1099598474219,dolpchainwax,tiefg.wam,events
SpiderDolp,1099596764815,dolpchainwax,aywr.wam,events
Grey Dolp,1099677746929,dolpchainwax,4arr2.wam,events
SpiderDolp,1099597304168,dolpchainwax,n3ar.wam,events
SpiderDolp,1099596983341,dolpchainwax,xcv2g.c.wam,events
Tokyo 2020,1099611647804,dolpchainwax,1pbra.wam,events
Black Widolp,1099675953151,dolpchainwax,ytkw2.wam,events
Black Widolp,1099596712324,dolpchainwax,mwtfq.wam,events
SpiderDolp,1099598064253,dolpchainwax,5mciw.wam,events
Dulk,1099596712323,dolpchainwax,mwtfq.wam,events
Dulk,1099597002840,dolpchainwax,lqafs.wam,events
Grey Dolp,1099676203709,dolpchainwax,32lr4.wam,events
SpiderDolp,1099596675122,dolpchainwax,wjqrc.wam,events
Easter Dolp,1099529438187,dolpchainwax,s53mo.c.wam,events
Black Widolp,1099597126131,dolpchainwax,cotvq.wam,events
SpiderDolp,1099596892497,dolpchainwax,y11ay.wam,events
Tokyo 2020,1099809618296,dolpchainwax,2pdbi.wam,events
Dolp's Pizza,1099533983622,dolpchainwax,r3wb.wam,events
Dulk,1099597304476,dolpchainwax,n3ar.wam,events
Grey Dolp,1099675749598,dolpchainwax,pkzhy.wam,events
Black Widolp,1099597251177,dolpchainwax,iq.ca.wam,events
SpiderDolp,1099596771590,dolpchainwax,ynqea.wam,events
Dulk,1099596722334,dolpchainwax,gydak.wam,events
SpiderDolp,1099597863191,dolpchainwax,cu2xu.wam,events
Tokyo 2020,1099557129293,dolpchainwax,brutenciator,events
SpiderDolp,1099597985961,dolpchainwax,nieuwrouanne,events
Dulk,1099596853394,dolpchainwax,szfri.wam,events
Black Widolp,1099597366251,dolpchainwax,2peqy.wam,events
